体系,刻面,未校正对比分(zh−west),校正后对比分(zh−west)
hofstede,IDV_col,51.15,-0.33
hofstede,IDV_ind,49.34,-2.14
hofstede,IND_ind,51.95,0.46
hofstede,IND_res,30.82,-20.66
hofstede,LTO_long,47.86,-3.63
hofstede,LTO_short,57.09,5.61
hofstede,MAS_fem,50.34,-1.14
hofstede,MAS_mas,54.06,2.57
hofstede,PDI_high,55.81,4.32
hofstede,PDI_low,58.14,6.66
hofstede,UAI_high,58.02,6.53
hofstede,UAI_low,53.24,1.75
schwartz,AC,43.71,4.13
schwartz,BEC,28.78,-10.8
schwartz,BED,46.3,6.72
schwartz,COI,42.44,2.85
schwartz,COR,30.27,-9.31
schwartz,FAC,41.75,2.17
schwartz,HE,50.41,10.83
schwartz,HU,33.8,-5.78
schwartz,POD,41.04,1.46
schwartz,POR,35.24,-4.34
schwartz,SDA,38.85,-0.73
schwartz,SDT,47.98,8.4
schwartz,SEP,41.34,1.76
schwartz,SES,30.72,-8.87
schwartz,ST,40.68,1.1
schwartz,TR,44.66,5.08
schwartz,UNC,33.73,-5.86
schwartz,UNN,44.9,5.32
schwartz,UNT,35.46,-4.12
scv,SCV_civility,61.24,4.2
scv,SCV_dedication,63.13,6.09
scv,SCV_democracy,63.44,6.39
scv,SCV_equality,40.58,-16.46
scv,SCV_freedom,47.94,-9.1
scv,SCV_friendliness,56.47,-0.58
scv,SCV_harmony,60.88,3.84
scv,SCV_integrity,55.8,-1.25
scv,SCV_justice,52.93,-4.12
scv,SCV_patriotism,54.12,-2.92
scv,SCV_prosperity,69.61,12.57
scv,SCV_ruleoflaw,58.39,1.34
wvs,corruption,18.29,-18.62
wvs,economic_values,41.39,4.48
wvs,ethics,35.73,-1.18
wvs,immigration,36.04,-0.87
wvs,political_culture,37.04,0.13
wvs,political_interest,42.34,5.43
wvs,postmaterialism,43.15,6.24
wvs,religion,27.89,-9.02
wvs,security_sense,27.46,-9.45
wvs,social_capital,43.15,6.24
wvs,social_values,32.82,-4.09
wvs,technology,47.24,10.33
wvs,wellbeing,47.29,10.38
