layer,dim,e5,LaBSE,agree
大众层·同片影评,PDI,2.04,14.68,✓
大众层·同片影评,IDV,0.73,-4.08,✗
大众层·同片影评,MAS,0.77,-1.75,✗
大众层·同片影评,UAI,4.59,-16.22,✗
大众层·同片影评,LTO,-9.78,11.27,✗
大众层·同片影评,IND,-15.15,-5.99,✓
媒体层·月份新闻,PDI,-2.33,-20.09,✓
媒体层·月份新闻,IDV,1.81,-9.77,✗
媒体层·月份新闻,MAS,3.72,3.77,✓
媒体层·月份新闻,UAI,4.78,-21.83,✗
媒体层·月份新闻,LTO,-9.23,-1.89,✓
媒体层·月份新闻,IND,-21.13,-25.0,✓
国家层·政治施政,PDI,2.09,-25.77,✗
国家层·政治施政,IDV,-1.83,-23.73,✓
国家层·政治施政,MAS,6.36,37.59,✓
国家层·政治施政,UAI,4.69,-36.8,✗
国家层·政治施政,LTO,-7.84,-2.13,✓
国家层·政治施政,IND,-14.71,-38.89,✓
