层,中文侧,西方侧,IDV,PDI,MAS,UAI,LTO,IND
新闻·历史层,THUCNews05-11,XSum/BBC10-17,-2.3,0.78,2.94,6.56,-13.27,-17.45
新闻·近期层,人民日报系2026,FineNews2025,1.81,-2.33,3.72,4.78,-9.23,-21.13
新闻·近期窗口,中文2026-08~09,西方2025-08~10,1.31,-2.4,3.96,4.52,-9.32,-20.63
影评·历史层,豆瓣,IMDB,-0.56,0.77,0.18,5.6,-8.47,-15.63
影评·历史豆瓣×IMDB,豆瓣≤2011,IMDB 2011(tt直连),2.23,1.03,-1.2,5.56,-7.99,-17.29
影评·历史豆瓣×genome,豆瓣≤2012,IMDB 2012±(tt直连),1.11,2.05,0.08,5.21,-9.81,-17.07
影评·西片对照,豆瓣西片,IMDB,-1.01,0.81,-0.41,5.23,-7.4,-14.5
影评·同片配对,豆瓣(年度校验),Letterboxd,0.73,2.04,0.77,4.59,-9.78,-15.15
影评·同片同时代,豆瓣2020-26抓取,Letterboxd2025,0.3,2.25,2.04,5.14,-10.34,-14.82
