维度,维度中文,事件年,断点t,真实事件
PDI,权力距离,1993,-1.74,
PDI,权力距离,1994,-0.408,
PDI,权力距离,1995,0.256,
PDI,权力距离,1996,-0.158,
PDI,权力距离,1997,0.447,
PDI,权力距离,1998,0.518,
PDI,权力距离,1999,0.385,
PDI,权力距离,2000,0.014,
PDI,权力距离,2001,-0.404,
PDI,权力距离,2002,-1.143,
PDI,权力距离,2003,-0.025,
PDI,权力距离,2004,1.21,
PDI,权力距离,2005,1.584,
PDI,权力距离,2006,1.011,
PDI,权力距离,2007,1.676,
PDI,权力距离,2008,1.581,北京奥运/GFC
PDI,权力距离,2009,1.858,
PDI,权力距离,2010,2.439,
PDI,权力距离,2011,1.729,
PDI,权力距离,2012,1.172,
PDI,权力距离,2013,0.016,
PDI,权力距离,2014,-0.609,
PDI,权力距离,2015,-0.355,
PDI,权力距离,2016,-0.347,
PDI,权力距离,2017,-0.485,
PDI,权力距离,2018,-0.968,
PDI,权力距离,2019,-1.171,
PDI,权力距离,2020,-0.269,新冠疫情
PDI,权力距离,2021,-0.457,
PDI,权力距离,2022,-1.216,
PDI,权力距离,2023,-1.027,
IDV,个体主义,1993,0.573,
IDV,个体主义,1994,0.625,
IDV,个体主义,1995,0.109,
IDV,个体主义,1996,-0.102,
IDV,个体主义,1997,0.506,
IDV,个体主义,1998,-0.016,
IDV,个体主义,1999,0.882,
IDV,个体主义,2000,0.888,
IDV,个体主义,2001,0.922,
IDV,个体主义,2002,0.409,
IDV,个体主义,2003,-0.046,
IDV,个体主义,2004,-0.817,
IDV,个体主义,2005,-1.488,
IDV,个体主义,2006,-1.48,
IDV,个体主义,2007,-1.975,
IDV,个体主义,2008,-1.92,北京奥运/GFC
IDV,个体主义,2009,-0.994,
IDV,个体主义,2010,-1.079,
IDV,个体主义,2011,-1.41,
IDV,个体主义,2012,-0.799,
IDV,个体主义,2013,-0.472,
IDV,个体主义,2014,0.107,
IDV,个体主义,2015,-0.798,
IDV,个体主义,2016,-0.067,
IDV,个体主义,2017,-0.003,
IDV,个体主义,2018,0.583,
IDV,个体主义,2019,2.123,
IDV,个体主义,2020,0.658,新冠疫情
IDV,个体主义,2021,0.798,
IDV,个体主义,2022,0.626,
IDV,个体主义,2023,0.693,
MAS,男性气质,1993,-0.627,
MAS,男性气质,1994,0.253,
MAS,男性气质,1995,0.465,
MAS,男性气质,1996,0.272,
MAS,男性气质,1997,0.072,
MAS,男性气质,1998,0.989,
MAS,男性气质,1999,0.473,
MAS,男性气质,2000,0.404,
MAS,男性气质,2001,0.507,
MAS,男性气质,2002,-0.6,
MAS,男性气质,2003,-0.401,
MAS,男性气质,2004,-0.645,
MAS,男性气质,2005,-1.502,
MAS,男性气质,2006,-2.462,
MAS,男性气质,2007,-3.031,
MAS,男性气质,2008,-3.586,北京奥运/GFC
MAS,男性气质,2009,-2.849,
MAS,男性气质,2010,-0.895,
MAS,男性气质,2011,-0.027,
MAS,男性气质,2012,1.125,
MAS,男性气质,2013,1.648,
MAS,男性气质,2014,0.838,
MAS,男性气质,2015,1.43,
MAS,男性气质,2016,0.786,
MAS,男性气质,2017,0.348,
MAS,男性气质,2018,0.317,
MAS,男性气质,2019,-0.141,
MAS,男性气质,2020,0.561,新冠疫情
MAS,男性气质,2021,0.881,
MAS,男性气质,2022,1.107,
MAS,男性气质,2023,0.829,
UAI,不确定性规避,1993,1.874,
UAI,不确定性规避,1994,3.019,
UAI,不确定性规避,1995,1.645,
UAI,不确定性规避,1996,1.304,
UAI,不确定性规避,1997,1.428,
UAI,不确定性规避,1998,1.275,
UAI,不确定性规避,1999,1.297,
UAI,不确定性规避,2000,0.075,
UAI,不确定性规避,2001,0.077,
UAI,不确定性规避,2002,-0.116,
UAI,不确定性规避,2003,-0.5,
UAI,不确定性规避,2004,-0.344,
UAI,不确定性规避,2005,-0.248,
UAI,不确定性规避,2006,-0.333,
UAI,不确定性规避,2007,-1.67,
UAI,不确定性规避,2008,-2.445,北京奥运/GFC
UAI,不确定性规避,2009,-2.139,
UAI,不确定性规避,2010,-1.262,
UAI,不确定性规避,2011,-1.003,
UAI,不确定性规避,2012,-1.047,
UAI,不确定性规避,2013,-0.608,
UAI,不确定性规避,2014,0.208,
UAI,不确定性规避,2015,0.063,
UAI,不确定性规避,2016,0.758,
UAI,不确定性规避,2017,0.606,
UAI,不确定性规避,2018,0.522,
UAI,不确定性规避,2019,0.725,
UAI,不确定性规避,2020,0.377,新冠疫情
UAI,不确定性规避,2021,-1.232,
UAI,不确定性规避,2022,-1.197,
UAI,不确定性规避,2023,-1.381,
LTO,长/短期导向,1993,-1.962,
LTO,长/短期导向,1994,-1.068,
LTO,长/短期导向,1995,-0.987,
LTO,长/短期导向,1996,-1.114,
LTO,长/短期导向,1997,-1.406,
LTO,长/短期导向,1998,-2.027,
LTO,长/短期导向,1999,-2.526,
LTO,长/短期导向,2000,-2.709,
LTO,长/短期导向,2001,-1.974,
LTO,长/短期导向,2002,-2.25,
LTO,长/短期导向,2003,-1.287,
LTO,长/短期导向,2004,-1.032,
LTO,长/短期导向,2005,-1.9,
LTO,长/短期导向,2006,-1.506,
LTO,长/短期导向,2007,-1.225,
LTO,长/短期导向,2008,-0.376,北京奥运/GFC
LTO,长/短期导向,2009,0.264,
LTO,长/短期导向,2010,0.924,
LTO,长/短期导向,2011,1.482,
LTO,长/短期导向,2012,0.816,
LTO,长/短期导向,2013,1.101,
LTO,长/短期导向,2014,1.162,
LTO,长/短期导向,2015,2.303,
LTO,长/短期导向,2016,2.547,
LTO,长/短期导向,2017,3.018,
LTO,长/短期导向,2018,3.148,
LTO,长/短期导向,2019,2.008,
LTO,长/短期导向,2020,2.34,新冠疫情
LTO,长/短期导向,2021,1.055,
LTO,长/短期导向,2022,1.223,
LTO,长/短期导向,2023,1.008,
IND,放纵/约束,1993,-1.53,
IND,放纵/约束,1994,-0.622,
IND,放纵/约束,1995,-0.661,
IND,放纵/约束,1996,-0.87,
IND,放纵/约束,1997,0.153,
IND,放纵/约束,1998,-0.039,
IND,放纵/约束,1999,-0.165,
IND,放纵/约束,2000,-0.993,
IND,放纵/约束,2001,-1.873,
IND,放纵/约束,2002,-1.771,
IND,放纵/约束,2003,-2.391,
IND,放纵/约束,2004,-2.069,
IND,放纵/约束,2005,-1.465,
IND,放纵/约束,2006,-2.407,
IND,放纵/约束,2007,-2.015,
IND,放纵/约束,2008,-1.402,北京奥运/GFC
IND,放纵/约束,2009,-1.041,
IND,放纵/约束,2010,-0.141,
IND,放纵/约束,2011,0.689,
IND,放纵/约束,2012,1.294,
IND,放纵/约束,2013,1.768,
IND,放纵/约束,2014,2.848,
IND,放纵/约束,2015,2.989,
IND,放纵/约束,2016,3.043,
IND,放纵/约束,2017,3.367,
IND,放纵/约束,2018,3.167,
IND,放纵/约束,2019,2.369,
IND,放纵/约束,2020,1.3,新冠疫情
IND,放纵/约束,2021,0.137,
IND,放纵/约束,2022,-0.193,
IND,放纵/约束,2023,-0.012,
