事件,事件年,维度,维度中文,事件前均值,事件后均值,变化Δ,前后t,前后p,断点回归b(post),断点t,断点p
WTO 入世,2001,PDI,权力距离,3.2,1.49,-1.7,-1.48,0.2741,-0.26,-0.4,0.6889
WTO 入世,2001,IDV,个体主义,-2.49,-0.62,1.87,2.76,0.0947,0.68,0.92,0.3629
WTO 入世,2001,MAS,男性气质,7.6,7.99,0.4,0.29,0.7915,0.55,0.51,0.6156
WTO 入世,2001,UAI,不确定性规避,5.97,5.29,-0.69,-0.81,0.4851,0.05,0.08,0.9387
WTO 入世,2001,LTO,长/短期导向,-9.76,-9.96,-0.2,-0.17,0.8705,-1.91,-1.97,0.0566
WTO 入世,2001,IND,放纵/约束,-12.7,-14.76,-2.07,-1.71,0.1623,-2.32,-1.87,0.0697
北京奥运/GFC,2008,PDI,权力距离,2.2,1.89,-0.31,-0.4,0.7071,1.09,1.58,0.1232
北京奥运/GFC,2008,IDV,个体主义,-1.63,-2.13,-0.51,-0.67,0.5541,-1.53,-1.92,0.0633
北京奥运/GFC,2008,MAS,男性气质,7.97,3.46,-4.51,-4.17,0.0291,-3.7,-3.59,0.001
北京奥运/GFC,2008,UAI,不确定性规避,5.95,3.92,-2.03,-3.11,0.0524,-1.68,-2.45,0.0198
北京奥运/GFC,2008,LTO,长/短期导向,-9.6,-9.31,0.28,0.68,0.5459,-0.43,-0.38,0.7094
北京奥运/GFC,2008,IND,放纵/约束,-14.89,-17.03,-2.14,-1.42,0.2623,-1.98,-1.4,0.1699
SCV 正式提出,2013,PDI,权力距离,3.08,1.88,-1.21,-2.08,0.1164,0.01,0.02,0.9871
SCV 正式提出,2013,IDV,个体主义,-2.23,-2.15,0.09,0.07,0.9481,-0.38,-0.47,0.6399
SCV 正式提出,2013,MAS,男性气质,3.74,6.64,2.9,2.13,0.1365,1.83,1.65,0.1086
SCV 正式提出,2013,UAI,不确定性规避,4.17,3.51,-0.67,-1.09,0.3591,-0.43,-0.61,0.5472
SCV 正式提出,2013,LTO,长/短期导向,-7.5,-8.01,-0.51,-0.4,0.7099,1.17,1.1,0.2788
SCV 正式提出,2013,IND,放纵/约束,-16.85,-16.03,0.82,0.81,0.4876,2.34,1.77,0.0861
新冠疫情,2020,PDI,权力距离,1.26,1.61,0.35,0.36,0.74,-0.17,-0.27,0.7892
新冠疫情,2020,IDV,个体主义,-2.38,-1.88,0.5,0.27,0.8117,0.48,0.66,0.5151
新冠疫情,2020,MAS,男性气质,5.35,5.15,-0.21,-0.17,0.8797,0.59,0.56,0.5783
新冠疫情,2020,UAI,不确定性规避,4.27,5.01,0.74,0.68,0.5598,0.24,0.38,0.7087
新冠疫情,2020,LTO,长/短期导向,-5.46,-4.07,1.39,0.92,0.4091,2.16,2.34,0.0253
新冠疫情,2020,IND,放纵/约束,-12.52,-12.9,-0.38,-0.22,0.8415,1.6,1.3,0.2023
