layer,dim,item_anchor,frozen_lexicon,text_level_r,方向一致
大众层·同片影评,PDI,3.83,2.04,0.83,✓
大众层·同片影评,IDV,3.4,0.73,0.847,✓
大众层·同片影评,MAS,0.22,0.77,0.89,✓
大众层·同片影评,UAI,-3.28,4.59,0.479,✗
大众层·同片影评,LTO,1.9,-9.78,0.35,✗
大众层·同片影评,IND,-2.95,-15.15,0.75,✓
媒体层·月份新闻,PDI,-2.08,-2.33,0.865,✓
媒体层·月份新闻,IDV,4.37,1.81,0.85,✓
媒体层·月份新闻,MAS,2.65,3.72,0.873,✓
媒体层·月份新闻,UAI,-4.83,4.78,0.515,✗
媒体层·月份新闻,LTO,2.99,-9.23,0.393,✗
媒体层·月份新闻,IND,-7.85,-21.13,0.848,✓
国家层·政治施政,PDI,5.15,2.09,0.754,✓
国家层·政治施政,IDV,0.14,-1.83,0.63,✗
国家层·政治施政,MAS,5.43,6.36,0.929,✓
国家层·政治施政,UAI,-3.34,4.69,-0.275,✗
国家层·政治施政,LTO,5.66,-7.84,0.075,✗
国家层·政治施政,IND,-7.0,-14.71,0.931,✓
