facet,SCV_国家层·政府工作报告,SCV_媒体层·官方媒体,SCV_大众层·豆瓣影评,HOF_国家层·政府工作报告,HOF_媒体层·官方媒体,HOF_大众层·豆瓣影评
SCV_prosperity,22.938717,18.724031,11.02856,,,
SCV_democracy,9.787244,5.2350097,-3.7917125,,,
SCV_civility,-1.3555192,2.1546888,6.488187,,,
SCV_harmony,3.6672273,2.959478,4.4616838,,,
SCV_freedom,-12.049287,-11.204912,-6.8902745,,,
SCV_equality,-6.1881075,-9.059854,-9.867534,,,
SCV_justice,-9.398708,-7.9185915,-3.766734,,,
SCV_ruleoflaw,0.38015035,-0.74908483,-7.112495,,,
SCV_patriotism,-4.729857,-4.008947,-0.7815925,,,
SCV_dedication,9.097111,9.805411,9.297033,,,
SCV_integrity,-1.1841848,-0.071096614,1.6798952,,,
SCV_friendliness,-10.964727,-5.8661337,-0.7450164,,,
PDI_high,,,,3.2113323,3.7846866,5.583356
PDI_low,,,,11.148532,8.339588,1.9172349
IDV_ind,,,,-7.779484,-7.437148,-3.769435
IDV_col,,,,-1.41827,-1.4313037,-1.3257176
MAS_mas,,,,4.9223204,3.4309473,0.7050555
MAS_fem,,,,-6.9368095,-5.075189,-3.4734004
UAI_high,,,,10.172639,7.62254,2.8133087
UAI_low,,,,3.09081,5.766443,7.6934814
LTO_long,,,,4.421262,1.3196583,-2.6732194
LTO_short,,,,6.4016113,7.3719254,6.854116
IND_ind,,,,-15.421737,-10.135802,-5.722511
IND_res,,,,-11.812297,-13.556348,-8.602276
