channel,IDV,PDI,MAS,UAI,LTO,IND,n
人民日报,6.0,-4.6,8.5,1.9,-6.0,-3.4,13308
Independent,3.6,-2.8,4.2,-3.2,3.5,17.6,5333
Fox,5.0,-1.4,5.5,-2.3,1.9,17.2,4131
Telegraph,4.1,-2.5,4.6,-3.4,4.4,18.4,3625
WaPo,4.9,-0.7,6.7,-0.8,2.5,18.5,257
新华网,4.8,-4.3,10.3,0.2,-7.2,-5.2,135
NYT,5.1,-1.5,6.1,-1.2,1.5,17.7,119
中新网,6.3,-4.7,6.5,-0.3,-8.5,-8.5,56
CNN,8.1,-2.5,9.7,-3.1,1.4,11.0,11
Reuters,4.5,-4.0,10.2,-0.3,3.8,14.8,11
AP,0.3,3.2,7.1,0.8,1.2,19.2,5
BBC,-2.0,-3.4,12.1,-3.1,1.7,15.1,3
USAToday,4.3,-1.7,8.5,2.1,5.2,22.8,3
Guardian,6.4,0.8,3.9,3.6,5.5,22.4,1
NPR,8.6,-7.1,3.1,6.8,7.6,19.5,1
央广网,6.6,4.7,0.5,2.3,-8.5,4.5,1
