lang,绝对相似度偏移,标准化后偏移,mean_off,sd_off,同向比例
zh,0.05048591,-3.392675e-09,0.050486036,0.0064483387,1.0
ja,0.02105236,-3.0933214e-09,0.02105243,0.0036905794,1.0
pt,0.009262443,-7.151227e-10,0.0092624845,0.0012876258,1.0
fr,0.0052099824,1.596553e-09,0.0052101305,0.0016721456,1.0
hi,0.004862845,1.380353e-09,0.004862984,0.0014646372,1.0
es,0.0048490167,9.313226e-10,0.004849086,0.00081788667,1.0
vi,0.0025904179,-1.8293836e-10,0.002590489,0.0010656826,1.0
en,0.0023168921,-3.9913825e-10,0.002317025,0.002901102,0.8035714285714286
it,7.236004e-05,2.5943987e-09,7.249415e-05,0.0014880153,0.5535714285714286
id,-0.0003809929,2.361568e-09,-0.00038086198,0.001300875,0.6964285714285714
pl,-0.0010977983,1.596553e-09,-0.0010977004,0.000758445,0.9464285714285714
ko,-0.001979649,1.6547607e-09,-0.001979584,0.0019425869,0.8571428571428571
nl,-0.0028692484,1.7462298e-09,-0.0028691015,0.0015601809,0.9821428571428571
de,-0.0043599606,-2.2451527e-09,-0.0043598884,0.0009805381,1.0
tr,-0.0064450502,1.1308917e-09,-0.0064448947,0.001522966,1.0
el,-0.0065304637,1.7462298e-09,-0.0065304018,0.0014933876,1.0
th,-0.0069237947,-1.1641532e-10,-0.006923712,0.0010989137,1.0
sv,-0.008160174,-1.4967684e-09,-0.008159996,0.0020483874,1.0
ru,-0.013179541,1.355407e-09,-0.013179463,0.0016515448,1.0
ar,-0.013557076,-2.6858678e-09,-0.0135569805,0.0011218773,1.0
uk,-0.0174191,-1.2888839e-09,-0.017419057,0.0012425069,1.0
fa,-0.017801523,-2.5112448e-09,-0.017801458,0.001334007,1.0
