价值观,LLM标注均值,嵌入均值(×1000),省际相关r,p,Spearman ρ
friendliness,1.464,-3.49,0.367,0.0423,0.208
freedom,0.764,-11.6,0.094,0.6138,0.047
dedication,3.524,10.35,0.091,0.6279,0.205
civility,3.15,3.11,0.071,0.7055,0.036
justice,2.133,-8.18,0.05,0.7904,0.218
patriotism,3.156,-4.38,-0.021,0.9118,-0.045
prosperity,8.191,19.27,-0.043,0.8187,0.183
equality,2.244,-9.83,-0.055,0.7681,0.14
ruleoflaw,3.43,-2.14,-0.056,0.765,0.01
integrity,1.991,-1.05,-0.084,0.6515,-0.01
democracy,1.03,5.05,-0.187,0.3125,-0.138
harmony,4.75,3.84,-0.335,0.0657,-0.082
