channel,SCV_civility,SCV_dedication,SCV_democracy,SCV_equality,SCV_freedom,SCV_friendliness,SCV_harmony,SCV_integrity,SCV_justice,SCV_patriotism,SCV_prosperity,SCV_ruleoflaw,IDV_col,IDV_ind,IND_ind,IND_res,LTO_long,LTO_short,MAS_fem,MAS_mas,PDI_high,PDI_low,UAI_high,UAI_low,n_articles
上海,0.003205951,0.010301159,0.0032354195,-0.012347697,-0.009946487,-0.004436501,0.0036673318,-0.0022583196,-0.011403392,-0.005355572,0.01805105,-0.0045604934,0.00534574,0.0014101753,0.0022053411,-0.0061886557,0.0085437475,0.015883839,0.002218462,0.010974243,0.010640277,0.014511732,0.015006858,0.01567171,60
云南,0.0018366466,0.009344647,0.0035734812,-0.010953792,-0.012174087,-0.0020805567,0.0056278813,-0.003283278,-0.009916691,-0.0035308024,0.02054619,-0.0034948825,0.0062263994,-0.001321286,0.0030189366,-0.006382968,0.008808285,0.015680166,0.004325375,0.010925708,0.00923885,0.013485969,0.014024555,0.015218581,60
内蒙古,0.0013719499,0.008871425,0.0049212626,-0.0109351,-0.0124835335,-0.004924625,0.004242152,-0.0018784027,-0.008867105,-0.0043712854,0.01949607,-0.0037396094,0.00564029,-0.002297017,0.0013551355,-0.006544464,0.008105929,0.014261243,0.0021131625,0.0103942985,0.009449122,0.014135493,0.014282631,0.012770861,60
北京,0.004310636,0.008337888,0.0049551665,-0.009475079,-0.0104997,-0.0046824533,0.003650569,-0.0017536054,-0.006753562,-0.005758671,0.020549648,-0.0022027404,0.00454987,-0.0009527882,0.0016601096,-0.0077486984,0.008120993,0.015042928,0.0015492201,0.011273021,0.009613977,0.015621403,0.014560518,0.01516208,60
吉林,0.004107376,0.01035159,0.007055359,-0.009163946,-0.0107032275,-0.0050645717,0.0051231044,-0.0007732699,-0.0077249636,-0.0016706894,0.019943707,-0.0011476934,0.006280604,-0.0017858992,0.0019881108,-0.0068571954,0.007971862,0.015051955,0.0019864033,0.010709283,0.011323363,0.014750333,0.013729256,0.013016994,60
四川,0.0032522788,0.009494674,0.004609085,-0.00974444,-0.010731631,-0.004086427,0.0035400966,-0.0016058445,-0.007875225,-0.004144281,0.019118754,-0.0018176277,0.005062198,-0.0002004693,0.0015447815,-0.006726875,0.008118693,0.0154818185,0.0017531494,0.01041034,0.010114645,0.014298813,0.014791635,0.014070293,60
天津,0.0029368203,0.010753482,0.0055202297,-0.011463597,-0.009386488,-0.0015158127,0.0041528246,0.00040839316,-0.0089810835,-0.0075862794,0.016721904,-0.003563089,0.004854837,0.0012346089,-0.0016028434,-0.0049338806,0.008820572,0.015458153,0.0037678112,0.008318604,0.009141228,0.014373316,0.015836455,0.0138383685,60
宁夏,0.00264867,0.0098676225,0.0036987336,-0.009114904,-0.013394113,-0.004387173,0.0035411275,-0.0024295293,-0.009230243,-0.0029050382,0.019220987,-0.004095404,0.006376363,-0.0019674585,0.002005814,-0.0068576904,0.0075788754,0.015226442,0.0022760076,0.011980477,0.010087122,0.014094163,0.013523346,0.012988885,42
安徽,0.003733569,0.012212363,0.005387893,-0.010056511,-0.012609312,-0.0045998953,0.0031123392,-0.00083929405,-0.008798479,-0.0056787194,0.020728212,-0.0024344535,0.005710036,-0.0013751534,0.0005851451,-0.0058455938,0.008628745,0.015265029,0.0022375374,0.011713708,0.01115293,0.0147487,0.01540472,0.014079998,57
山东,0.003442525,0.010838908,0.004005596,-0.009752187,-0.011964544,-0.0021666149,0.0039555053,-0.00032121042,-0.0076334127,-0.006112992,0.020351745,-0.00043117304,0.0057702917,-0.00053863425,-0.0015300692,-0.0065025934,0.008681829,0.014278919,0.0031601212,0.01041154,0.009490457,0.014103247,0.013665791,0.013931964,60
山西,0.0046869903,0.010730569,0.0060061454,-0.008240327,-0.012437779,-0.004667646,0.003606507,0.00030923783,-0.0074552735,-0.004363607,0.019392034,-0.00086490216,0.005016644,-0.0017056525,-0.00048027237,-0.0060714334,0.0077786488,0.015513283,0.002098024,0.010298822,0.010936726,0.014799883,0.014383479,0.01315773,60
广东,0.0031033128,0.009611681,0.003893738,-0.010974475,-0.010586394,-0.0051287017,0.0039646896,-0.00279213,-0.010175023,-0.0012803783,0.020180011,-0.003418705,0.005870095,0.00021742682,0.0032491297,-0.0062260646,0.009047485,0.016254451,0.0018440128,0.01070188,0.01027733,0.01362871,0.014542263,0.014505234,60
广西,0.0031069696,0.011706496,0.0058220574,-0.010050741,-0.011135046,-0.001497824,0.004990043,-0.0011461636,-0.008256566,-0.0021070163,0.020834314,-0.0013187091,0.0073034274,-0.001300162,-0.0007864594,-0.0081079835,0.007942095,0.014189963,0.0038911263,0.010496689,0.009174029,0.014643209,0.013054968,0.012921366,60
新疆,0.0014939884,0.010507138,0.0048268246,-0.01127113,-0.011733826,-0.0015257428,0.0036737423,-0.0022026738,-0.006344095,-0.0024248997,0.018302066,-0.0012435595,0.0069731553,-0.0007785181,-0.0006936918,-0.008896259,0.007841388,0.014882202,0.0037204206,0.010070622,0.0097088395,0.01450383,0.013668519,0.013760837,60
江苏,0.0016940933,0.009842548,0.0060654436,-0.011147082,-0.012374271,-0.004112406,0.0028399837,-0.0012975475,-0.011044502,-0.0038824133,0.01939908,-0.004720919,0.0053327945,-0.00034403548,0.0020803048,-0.006339346,0.008615035,0.017504811,0.0015233794,0.011344595,0.01149797,0.0141544165,0.015764633,0.015655046,47
江西,0.0020581845,0.009523791,0.005821292,-0.008377454,-0.010813586,-0.0040308046,0.00272904,-0.0022533643,-0.00860284,-0.0016182011,0.019900402,-0.0011375631,0.0058042714,-0.0002891283,0.0009255175,-0.0060066697,0.008718854,0.015114131,0.0020738298,0.009993243,0.010383637,0.014257255,0.01471221,0.013731228,56
河北,0.0032954316,0.011471246,0.0059147426,-0.010236567,-0.01254312,-0.004422548,0.005215188,-0.0007319262,-0.008269944,-0.005840177,0.020428484,-0.001268377,0.0065670977,-0.0019453645,-2.8108558e-05,-0.0069401553,0.008479898,0.014367619,0.0023478577,0.011400458,0.010378662,0.015339363,0.014493754,0.014177808,60
河南,0.0038355966,0.010823321,0.0039895973,-0.0077460953,-0.012337434,-0.0039939475,0.0029205799,-0.0006074995,-0.0042467644,-0.0058416547,0.017746575,-0.0014331231,0.0050219577,-0.0013831843,-0.0009506335,-0.005294536,0.007354787,0.015325711,0.0026442707,0.009718185,0.0109618725,0.014511224,0.015350784,0.014760619,60
浙江,0.0022450637,0.01049385,0.0055676927,-0.008176205,-0.012146601,-0.0043254495,0.0024488915,-0.00053363346,-0.00757595,-0.006277745,0.020234954,-0.0016811937,0.0057670125,0.00023872951,-0.0024434626,-0.0073162406,0.0077881296,0.014767988,0.0018831621,0.01207712,0.011132686,0.014695265,0.014411574,0.013099033,60
海南,0.002906815,0.0071471664,0.0031936467,-0.01267684,-0.010347016,-0.0033743177,0.0038711429,-0.003047201,-0.011018631,-0.0018448735,0.018075097,-0.004784404,0.0047280206,0.00032093807,0.008586945,-0.005815773,0.0068159117,0.016690867,0.002440299,0.009262758,0.009517464,0.013398221,0.014560124,0.01724747,38
湖北,0.0028660407,0.01007191,0.00440822,-0.009585404,-0.011104154,-0.0046630744,0.0031578043,-0.0008720853,-0.0085931355,-0.003571475,0.019206235,-0.0029828658,0.0060601123,-0.0008045727,0.00046688927,-0.006264317,0.008459332,0.016070852,0.0024113983,0.009394396,0.01066874,0.014408019,0.014620062,0.014068511,49
湖南,0.0023613672,0.013757011,0.0048603574,-0.009704606,-0.012795198,-0.0025432308,0.0025763235,0.0012014002,-0.0085406015,-0.0058490555,0.02126545,-0.0013062636,0.0057832976,3.2509368e-05,-0.0021425455,-0.008105309,0.0096146455,0.014265744,0.0036300013,0.012058995,0.009766644,0.01427421,0.014180499,0.013785029,60
甘肃,0.0037648093,0.01156502,0.003945055,-0.010534899,-0.011655036,-0.003255715,0.003790185,0.00017740816,-0.0072947503,-0.004444418,0.019052513,-0.0023314222,0.0060194945,-0.0013523968,-0.00032604192,-0.006195868,0.009316867,0.015595486,0.0030979828,0.01125588,0.010959349,0.013480736,0.01491848,0.013252042,53
福建,0.0024481057,0.010005361,0.0054605403,-0.007371183,-0.012140406,-0.0034555078,0.0062120636,0.00062580704,-0.009345513,-0.0055669993,0.017562456,-0.00066178344,0.0068174573,-0.0007421454,0.0005725026,-0.0065508713,0.007264931,0.014519673,0.003339995,0.01036349,0.011977331,0.016801553,0.014967977,0.012549951,60
西藏,0.0028509027,0.009642885,0.0060809483,-0.01090421,-0.012588628,-0.0009555116,0.004592353,-0.0007921792,-0.0066600055,-0.004493632,0.016104434,-0.0017180819,0.00601713,-0.0017931096,-0.0006971861,-0.0069556464,0.008173604,0.014261227,0.003870441,0.008414279,0.009160122,0.014479154,0.013053283,0.012411821,57
贵州,0.0054195034,0.011806548,0.006488851,-0.00950675,-0.012229839,-0.004032428,0.002194353,-0.001143972,-0.008210697,-0.0031124016,0.020100074,-0.00074397225,0.0058096577,-0.0013685961,-0.0013946613,-0.0066144885,0.008669229,0.015242574,0.0020854692,0.010628865,0.012512407,0.015088386,0.01420955,0.013465028,60
辽宁,0.003909272,0.011516569,0.0062031597,-0.0091144545,-0.012349412,-0.004579383,0.0049099494,-9.9747376e-05,-0.008061794,-0.005968826,0.018722069,0.001337102,0.006206608,-0.0014115035,-0.0013155838,-0.007326449,0.0076628625,0.0149643915,0.0025172064,0.010792986,0.010099622,0.01632077,0.014776212,0.014059788,60
重庆,0.0031456808,0.008252098,0.0037738532,-0.009510622,-0.009534689,-0.0020224045,0.0039489367,-0.00059616764,-0.0074234665,-0.006015391,0.01838508,-0.0050373147,0.0058911424,0.00022784968,0.0017289658,-0.007345728,0.007713502,0.015305868,0.0030272822,0.010225307,0.008653941,0.014719272,0.013753167,0.015303285,60
陕西,0.004469178,0.011560586,0.004563723,-0.007856047,-0.011444742,-0.0043650586,0.002916823,-0.00012509227,-0.0053515653,-0.005493144,0.020039896,-0.0013370801,0.004952719,-0.0011905521,-0.002875344,-0.00675458,0.008506305,0.01640686,0.0023716271,0.011452229,0.012176294,0.015083131,0.015314025,0.013417716,60
青海,0.0023321111,0.0091703115,0.0071406076,-0.0100054415,-0.012140584,-0.0022347083,0.004378415,-0.001941659,-0.007177786,-0.0029881378,0.018777184,-0.0013870001,0.00609016,-0.00064782106,0.00075331825,-0.007446935,0.007966857,0.013469267,0.003113069,0.009191881,0.009141387,0.014729566,0.012413258,0.012401161,60
黑龙江,0.0036954035,0.011385739,0.0054944656,-0.008702728,-0.011243893,-0.0011982203,0.0036420117,-8.229415e-06,-0.0068902443,-0.0056191552,0.018967891,-0.00074873766,0.005069367,-0.0014443279,-0.0005630602,-0.0060293823,0.008542868,0.0136780795,0.0034711312,0.010859774,0.010065337,0.014281266,0.014228811,0.013164013,60
