year,PDI,IDV,MAS,UAI,LTO,IND
1990,5.4624677,-1.7790198,7.743001,5.5978594,-9.638845,-10.737866
1991,3.0600727,-4.019201,7.2817206,4.405409,-9.467631,-14.447302
1992,3.5381913,-0.62322617,9.753823,4.008502,-9.819597,-15.018702
1993,1.0592043,-1.9918084,5.1212015,3.6666691,-12.647003,-17.575592
1994,1.7725229,-0.769645,6.7747235,7.3091984,-10.702938,-14.693171
1995,3.6410391,-1.3426244,7.9540014,5.942911,-9.98789,-14.08869
1996,1.6680956,-3.1546056,7.9371634,5.107313,-9.362995,-18.789858
1997,2.6121438,-0.6483197,4.3090878,5.5855513,-8.363098,-14.166713
1998,2.941668,-3.7910938,8.788437,5.2294135,-8.657127,-14.405608
1999,3.322482,-1.8072426,7.308364,7.5500607,-9.32011,-11.780977
2000,3.325522,-1.8625557,6.6951513,5.1413774,-11.306196,-11.902958
2001,3.7784576,-0.71927905,10.327607,5.454212,-8.702368,-15.297383
2002,0.44041872,-0.86668134,6.2087774,5.7295856,-11.57552,-13.092488
2003,0.25621057,-0.27796626,7.443249,4.673898,-9.611636,-15.900463
2004,1.748383,-0.60003996,8.998781,4.7361255,-6.572813,-16.763836
2005,3.168553,-1.8992424,8.856594,5.0009193,-9.488851,-12.114972
2006,1.1655092,-1.0251105,7.6409874,6.9948435,-9.01702,-15.936255
2007,2.2602975,-1.9601882,7.4247417,5.846471,-10.281622,-16.608656
2008,1.634419,-3.4882128,4.9806833,4.265487,-9.580851,-15.8768
2009,1.160562,-1.6875863,1.609683,3.3161342,-9.423792,-17.692
2010,2.8652549,-1.2265053,3.7955446,4.1723056,-8.934359,-17.524979
2011,2.6721656,-2.9818714,2.8591752,4.620761,-5.6557655,-16.738266
2012,3.7141237,-2.492547,4.5770206,3.7276943,-7.9112444,-16.277372
2013,2.8202338,-3.0550761,8.154551,2.9304624,-7.140875,-17.914116
2014,1.2201965,0.027179718,4.128605,4.6149197,-9.687901,-15.212178
2015,1.5859203,-3.4152074,7.6445537,2.970755,-7.2098174,-14.965415
2016,1.7897682,-2.02177,7.0716143,4.501243,-7.4786744,-15.619081
2017,2.3656683,-3.1851726,5.7489276,4.330158,-6.501198,-14.224133
2018,1.7719567,-5.065024,7.055849,3.7224293,-3.3278763,-12.366861
2019,-0.34817028,1.110951,3.2485523,4.7487817,-6.5552793,-10.971069
2020,1.6079545,-2.1794736,4.45953,7.1023107,-2.0578504,-10.178268
2021,2.5151372,-1.4938917,4.7593713,3.8218896,-5.7248273,-13.308246
2022,0.7186532,-1.9744039,6.219228,4.09476,-4.420042,-15.202364
2023,0.8609295,-1.295507,6.3748956,2.5166671,-6.785731,-16.255419
2024,0.26917458,-1.5181303,5.5363474,3.2090247,-3.9195716,-15.2228775
2025,0.37285686,-1.7897785,5.0673485,3.9910674,-0.30350685,-12.03227
2026,0.6474452,-1.6665459,5.7258606,2.8841496,-4.9160323,-14.503538
