折,样本外R²_全模型,样本外R²_仅情感,增量
1,0.16496931785753943,0.09451188196627902,0.07045743589126041
2,0.16152125950153118,0.08700672671338538,0.0745145327881458
3,0.1645573929456121,0.09322855785988571,0.0713288350857264
4,0.1699190134993177,0.09782340869887873,0.07209560480043897
5,0.17336275758830677,0.0875703552493613,0.08579240233894547
6,0.17963816351025774,0.08854548972033482,0.09109267378992292
7,0.16273660188167538,0.08805785042355951,0.07467875145811587
8,0.17115816926398186,0.08878696547414022,0.08237120378984164
9,0.15392501271528636,0.07976937586342459,0.07415563685186177
10,0.1657345928644931,0.07713222718125501,0.0886023656832381
