layer,dim,n_pair,point,ci_lo,ci_hi,cohen_d,t,p_raw,p_fdr
大众层·同片影评,PDI,3134,2.026,1.951,2.102,0.904,50.61,0.00e+00,0.00e+00
大众层·同片影评,IDV,3134,0.727,0.624,0.829,0.245,13.73,0.00e+00,0.00e+00
大众层·同片影评,MAS,3134,0.747,0.619,0.871,0.197,11.0,1.21e-27,3.10e-27
大众层·同片影评,UAI,3134,4.525,4.44,4.609,1.835,102.74,0.00e+00,0.00e+00
大众层·同片影评,LTO,3134,-9.683,-9.782,-9.588,-3.358,-187.98,0.00e+00,0.00e+00
大众层·同片影评,IND,3134,-15.102,-15.247,-14.964,-3.712,-207.78,0.00e+00,0.00e+00
媒体层·月份新闻,PDI,9,-2.332,-2.576,-2.091,-5.779,-17.34,1.25e-07,1.32e-07
媒体层·月份新闻,IDV,9,1.81,1.441,2.221,2.816,8.45,2.94e-05,2.94e-05
媒体层·月份新闻,MAS,9,3.718,3.414,4.04,7.088,21.26,2.52e-08,2.83e-08
媒体层·月份新闻,UAI,9,4.779,4.395,5.139,7.471,22.41,1.66e-08,1.99e-08
媒体层·月份新闻,LTO,9,-9.234,-9.553,-8.958,-18.641,-55.92,1.16e-11,1.74e-11
媒体层·月份新闻,IND,9,-21.125,-22.312,-20.331,-12.925,-38.78,2.15e-10,2.76e-10
国家层·政治施政,PDI,37,2.04,1.643,2.453,1.61,9.79,1.08e-11,1.74e-11
国家层·政治施政,IDV,37,-1.852,-2.259,-1.447,-1.493,-9.08,7.59e-11,1.05e-10
国家层·政治施政,MAS,37,6.367,5.761,6.948,3.213,19.55,9.36e-21,1.87e-20
国家层·政治施政,UAI,37,4.69,4.31,5.111,3.729,22.68,6.51e-23,1.46e-22
国家层·政治施政,LTO,37,-7.893,-8.729,-7.042,-2.916,-17.74,2.23e-19,4.02e-19
国家层·政治施政,IND,37,-14.741,-15.426,-14.025,-6.846,-41.64,4.73e-32,1.42e-31
