facet,text_CN,text_US,text_UK,survey_CN,survey_US,survey_UK,rho(n=3),text_zh-west,"survey_CN-均值(US,UK)",方向一致
corruption,-7.95,10.66,10.69,3.2,3.223,2.996,-0.5,-18.62,0.09,✗
economic_values,8.66,2.93,4.8,4.171,3.824,4.278,0.5,4.79,0.119,✓
ethics,-3.98,-2.31,-3.04,2.499,3.674,4.163,0.5,-1.3,-1.419,✓
immigration,-2.23,-1.37,-1.36,1.438,1.645,1.653,1.0,-0.87,-0.211,✓
political_culture,1.11,1.56,0.68,5.77,4.792,5.014,-0.5,-0.01,0.867,✗
political_interest,8.73,3.86,3.02,2.415,1.782,1.822,0.5,5.29,0.613,✓
postmaterialism,8.13,1.32,2.18,1.54,2.101,1.986,-1.0,6.38,-0.503,✗
religion,-18.37,-9.04,-9.49,3.096,2.594,3.06,-1.0,-9.1,0.269,✗
security_sense,-6.33,4.29,2.53,2.444,2.218,2.663,-0.5,-9.74,0.004,✗
social_capital,4.46,-2.3,-1.52,2.239,2.05,1.835,0.5,6.37,0.297,✓
social_values,-1.55,2.9,2.36,2.263,2.533,2.739,0.5,-4.18,-0.374,✓
technology,8.28,-2.24,-1.96,5.685,5.183,5.041,0.5,10.38,0.573,✓
wellbeing,1.04,-10.26,-8.88,4.979,5.038,5.075,-0.5,10.61,-0.077,✗
